FILENAME,CLASS
./Q2_LMDC_test/10114251,BENIGN
./Q2_LMDC_test/10160575,BOTNET
./Q2_LMDC_test/10182255,BOTNET
./Q2_LMDC_test/10354355,BENIGN
./Q2_LMDC_test/10440067,BOTNET
./Q2_LMDC_test/10510239,BOTNET
./Q2_LMDC_test/10580403,BOTNET
./Q2_LMDC_test/10583513,BOTNET
./Q2_LMDC_test/10597773,BENIGN
./Q2_LMDC_test/10640983,BOTNET
./Q2_LMDC_test/10663076,BOTNET
./Q2_LMDC_test/10734265,VIRUS
./Q2_LMDC_test/10800618,BOTNET
./Q2_LMDC_test/10819003,BOTNET
./Q2_LMDC_test/10909706,BENIGN
./Q2_LMDC_test/11095504,BENIGN
./Q2_LMDC_test/11105735,BOTNET
./Q2_LMDC_test/11133338,BOTNET
./Q2_LMDC_test/11236362,BOTNET
./Q2_LMDC_test/11264996,BOTNET
./Q2_LMDC_test/11309671,BENIGN
./Q2_LMDC_test/11375816,BOTNET
./Q2_LMDC_test/11670987,BOTNET
./Q2_LMDC_test/11690254,BOTNET
./Q2_LMDC_test/12021868,BOTNET
./Q2_LMDC_test/12075053,BENIGN
./Q2_LMDC_test/12229894,BOTNET
./Q2_LMDC_test/12274586,BENIGN
./Q2_LMDC_test/12349733,BENIGN
./Q2_LMDC_test/12436061,BENIGN
./Q2_LMDC_test/12550539,BOTNET
./Q2_LMDC_test/13211751,BOTNET
./Q2_LMDC_test/13235400,BENIGN
./Q2_LMDC_test/13247959,BOTNET
./Q2_LMDC_test/13273312,BOTNET
./Q2_LMDC_test/13278699,BENIGN
./Q2_LMDC_test/13375144,BOTNET
./Q2_LMDC_test/13389422,BOTNET
./Q2_LMDC_test/13599538,BENIGN
./Q2_LMDC_test/13615670,BOTNET
./Q2_LMDC_test/13796272,BENIGN
./Q2_LMDC_test/13869321,BENIGN
./Q2_LMDC_test/13938834,VIRUS
./Q2_LMDC_test/13968740,BENIGN
./Q2_LMDC_test/14220676,VIRUS
./Q2_LMDC_test/14286472,BENIGN
./Q2_LMDC_test/14369290,BENIGN
./Q2_LMDC_test/14512542,BOTNET
./Q2_LMDC_test/14596922,BENIGN
./Q2_LMDC_test/14597018,BOTNET
./Q2_LMDC_test/14608640,BOTNET
./Q2_LMDC_test/14652757,BENIGN
./Q2_LMDC_test/14810982,BOTNET
./Q2_LMDC_test/15043283,BENIGN
./Q2_LMDC_test/15055624,BENIGN
./Q2_LMDC_test/15290913,BENIGN
./Q2_LMDC_test/15461026,BOTNET
./Q2_LMDC_test/15515297,BOTNET
./Q2_LMDC_test/15548708,BENIGN
./Q2_LMDC_test/15605255,BOTNET
./Q2_LMDC_test/15741848,BENIGN
./Q2_LMDC_test/15768789,BOTNET
./Q2_LMDC_test/15982993,BOTNET
./Q2_LMDC_test/16038995,BENIGN
./Q2_LMDC_test/16171091,BOTNET
./Q2_LMDC_test/16242950,BOTNET
./Q2_LMDC_test/16337191,BENIGN
./Q2_LMDC_test/16370044,BOTNET
./Q2_LMDC_test/16474467,BENIGN
./Q2_LMDC_test/16519184,BENIGN
./Q2_LMDC_test/16792825,BOTNET
./Q2_LMDC_test/16876031,BOTNET
./Q2_LMDC_test/16972541,BOTNET
./Q2_LMDC_test/17095165,BOTNET
./Q2_LMDC_test/17172202,BOTNET
./Q2_LMDC_test/17176223,BENIGN
./Q2_LMDC_test/17468215,BOTNET
./Q2_LMDC_test/17744603,BOTNET
./Q2_LMDC_test/17804567,BOTNET
./Q2_LMDC_test/17827774,BOTNET
./Q2_LMDC_test/18097146,BOTNET
./Q2_LMDC_test/18148831,BOTNET
./Q2_LMDC_test/18296262,BENIGN
./Q2_LMDC_test/18309272,VIRUS
./Q2_LMDC_test/18371230,BENIGN
./Q2_LMDC_test/18430832,BENIGN
./Q2_LMDC_test/18436155,BENIGN
./Q2_LMDC_test/18595841,BOTNET
./Q2_LMDC_test/18985008,BOTNET
./Q2_LMDC_test/19024180,BOTNET
./Q2_LMDC_test/19244125,BOTNET
./Q2_LMDC_test/19250608,BOTNET
./Q2_LMDC_test/19353475,BENIGN
./Q2_LMDC_test/19380633,BOTNET
./Q2_LMDC_test/19494206,BENIGN
./Q2_LMDC_test/19528891,BENIGN
./Q2_LMDC_test/19559502,BOTNET
./Q2_LMDC_test/19568278,BOTNET
./Q2_LMDC_test/19581309,BOTNET
./Q2_LMDC_test/19670406,BOTNET
./Q2_LMDC_test/19705225,BENIGN
./Q2_LMDC_test/19715304,BOTNET
./Q2_LMDC_test/19740847,BENIGN
./Q2_LMDC_test/19758080,BOTNET
./Q2_LMDC_test/19927728,BENIGN
./Q2_LMDC_test/20042471,BOTNET
./Q2_LMDC_test/20121423,BENIGN
./Q2_LMDC_test/20246452,BENIGN
./Q2_LMDC_test/20271568,BOTNET
./Q2_LMDC_test/20377605,BOTNET
./Q2_LMDC_test/20489915,BOTNET
./Q2_LMDC_test/20496960,BOTNET
./Q2_LMDC_test/20507407,BOTNET
./Q2_LMDC_test/20559462,BENIGN
./Q2_LMDC_test/20564201,BENIGN
./Q2_LMDC_test/20571418,BOTNET
./Q2_LMDC_test/20573175,BENIGN
./Q2_LMDC_test/20594772,VIRUS
./Q2_LMDC_test/20841611,BOTNET
./Q2_LMDC_test/20883275,BOTNET
./Q2_LMDC_test/20961558,BOTNET
./Q2_LMDC_test/21112502,BENIGN
./Q2_LMDC_test/21160294,BOTNET
./Q2_LMDC_test/21198655,BOTNET
./Q2_LMDC_test/21242249,BENIGN
./Q2_LMDC_test/21302608,BENIGN
./Q2_LMDC_test/21321779,BOTNET
./Q2_LMDC_test/21538249,BOTNET
./Q2_LMDC_test/21565080,BOTNET
./Q2_LMDC_test/21692798,BOTNET
./Q2_LMDC_test/21713313,BENIGN
./Q2_LMDC_test/22033404,BENIGN
./Q2_LMDC_test/22105511,BOTNET
./Q2_LMDC_test/22352201,BOTNET
./Q2_LMDC_test/22400683,BOTNET
./Q2_LMDC_test/22454002,BENIGN
./Q2_LMDC_test/22472361,BENIGN
./Q2_LMDC_test/22607736,BOTNET
./Q2_LMDC_test/22724351,BENIGN
./Q2_LMDC_test/22862650,BOTNET
./Q2_LMDC_test/23163544,BENIGN
./Q2_LMDC_test/23227995,BOTNET
./Q2_LMDC_test/23371423,BOTNET
./Q2_LMDC_test/23450760,BOTNET
./Q2_LMDC_test/23564666,BOTNET
./Q2_LMDC_test/23630657,BENIGN
./Q2_LMDC_test/23692107,BOTNET
./Q2_LMDC_test/23808004,BENIGN
./Q2_LMDC_test/23813610,BOTNET
./Q2_LMDC_test/23983184,BOTNET
./Q2_LMDC_test/24037699,VIRUS
./Q2_LMDC_test/24289245,BENIGN
./Q2_LMDC_test/24324934,BENIGN
./Q2_LMDC_test/24547846,BOTNET
./Q2_LMDC_test/24571166,BENIGN
./Q2_LMDC_test/24651188,BOTNET
./Q2_LMDC_test/24658186,BENIGN
./Q2_LMDC_test/24760137,BOTNET
./Q2_LMDC_test/25102064,BOTNET
./Q2_LMDC_test/25131668,BOTNET
./Q2_LMDC_test/25195876,BOTNET
./Q2_LMDC_test/25282156,BENIGN
./Q2_LMDC_test/25308484,BENIGN
./Q2_LMDC_test/25315990,BOTNET
./Q2_LMDC_test/25472034,BOTNET
./Q2_LMDC_test/25504818,BOTNET
./Q2_LMDC_test/25516575,BOTNET
./Q2_LMDC_test/25640118,BOTNET
./Q2_LMDC_test/25702923,BENIGN
./Q2_LMDC_test/25747945,VIRUS
./Q2_LMDC_test/25789526,BENIGN
./Q2_LMDC_test/25805204,BOTNET
./Q2_LMDC_test/26097978,BENIGN
./Q2_LMDC_test/26127984,BENIGN
./Q2_LMDC_test/26266200,BENIGN
./Q2_LMDC_test/26697894,BOTNET
./Q2_LMDC_test/26762229,BENIGN
./Q2_LMDC_test/26802567,BENIGN
./Q2_LMDC_test/27011858,BOTNET
./Q2_LMDC_test/27024052,VIRUS
./Q2_LMDC_test/27043655,BENIGN
./Q2_LMDC_test/27065714,BOTNET
./Q2_LMDC_test/27081692,BOTNET
./Q2_LMDC_test/27180078,VIRUS
./Q2_LMDC_test/27212777,VIRUS
./Q2_LMDC_test/27252962,BENIGN
./Q2_LMDC_test/27254904,BOTNET
./Q2_LMDC_test/27351145,BENIGN
./Q2_LMDC_test/27373737,BOTNET
./Q2_LMDC_test/27393268,VIRUS
./Q2_LMDC_test/27562739,BENIGN
./Q2_LMDC_test/27659708,BOTNET
./Q2_LMDC_test/27697982,BENIGN
./Q2_LMDC_test/27798205,BOTNET
./Q2_LMDC_test/27799158,BOTNET
./Q2_LMDC_test/27950104,BENIGN
./Q2_LMDC_test/27957116,BOTNET
./Q2_LMDC_test/28025532,BENIGN
./Q2_LMDC_test/28338392,BOTNET
./Q2_LMDC_test/28381858,BOTNET
./Q2_LMDC_test/28619861,BOTNET
./Q2_LMDC_test/28767409,BENIGN
./Q2_LMDC_test/28801077,BENIGN
./Q2_LMDC_test/28818344,BOTNET
./Q2_LMDC_test/28972103,BENIGN
./Q2_LMDC_test/29101025,BENIGN
./Q2_LMDC_test/29172849,BOTNET
./Q2_LMDC_test/29291848,BENIGN
./Q2_LMDC_test/29447773,BOTNET
./Q2_LMDC_test/29460406,BOTNET
./Q2_LMDC_test/29466596,BOTNET
./Q2_LMDC_test/29560310,BOTNET
./Q2_LMDC_test/29606568,BOTNET
./Q2_LMDC_test/29638951,BENIGN
./Q2_LMDC_test/29669670,BOTNET
./Q2_LMDC_test/29689125,BENIGN
./Q2_LMDC_test/29704364,BOTNET
./Q2_LMDC_test/29740882,BOTNET
./Q2_LMDC_test/29815421,BOTNET
./Q2_LMDC_test/30185248,BOTNET
./Q2_LMDC_test/30241350,BENIGN
./Q2_LMDC_test/30310927,BOTNET
./Q2_LMDC_test/30355626,BOTNET
./Q2_LMDC_test/30368313,BOTNET
./Q2_LMDC_test/30376641,BOTNET
./Q2_LMDC_test/30400343,BOTNET
./Q2_LMDC_test/30457356,VIRUS
./Q2_LMDC_test/30502911,BENIGN
./Q2_LMDC_test/30547073,BENIGN
./Q2_LMDC_test/30633372,BENIGN
./Q2_LMDC_test/30719956,BENIGN
./Q2_LMDC_test/30917976,BOTNET
./Q2_LMDC_test/30983313,BENIGN
./Q2_LMDC_test/31010817,BOTNET
./Q2_LMDC_test/31027394,BENIGN
./Q2_LMDC_test/31212034,VIRUS
./Q2_LMDC_test/31212757,BOTNET
./Q2_LMDC_test/31314276,BOTNET
./Q2_LMDC_test/31340297,BOTNET
./Q2_LMDC_test/31388277,BENIGN
./Q2_LMDC_test/31414688,BOTNET
./Q2_LMDC_test/31831105,VIRUS
./Q2_LMDC_test/31832412,BOTNET
./Q2_LMDC_test/31888530,VIRUS
./Q2_LMDC_test/31932695,BENIGN
./Q2_LMDC_test/31981305,BOTNET
./Q2_LMDC_test/32062204,BOTNET
./Q2_LMDC_test/32216183,BOTNET
./Q2_LMDC_test/32421533,BOTNET
./Q2_LMDC_test/32570400,BOTNET
./Q2_LMDC_test/32590086,BOTNET
./Q2_LMDC_test/32668360,BOTNET
./Q2_LMDC_test/32788161,BOTNET
./Q2_LMDC_test/32793895,BOTNET
./Q2_LMDC_test/32849197,BOTNET
./Q2_LMDC_test/32989541,BOTNET
./Q2_LMDC_test/33104347,BENIGN
./Q2_LMDC_test/33119587,BOTNET
./Q2_LMDC_test/33135933,BENIGN
./Q2_LMDC_test/33136173,BENIGN
./Q2_LMDC_test/33141344,BOTNET
./Q2_LMDC_test/33143792,BENIGN
./Q2_LMDC_test/33260901,BOTNET
./Q2_LMDC_test/33467998,BENIGN
./Q2_LMDC_test/33577886,BENIGN
./Q2_LMDC_test/33587626,BOTNET
./Q2_LMDC_test/33912804,BOTNET
./Q2_LMDC_test/33967440,VIRUS
./Q2_LMDC_test/34013046,BENIGN
./Q2_LMDC_test/34041823,BENIGN
./Q2_LMDC_test/34117026,BOTNET
./Q2_LMDC_test/34385136,BENIGN
./Q2_LMDC_test/34398541,BOTNET
./Q2_LMDC_test/34570488,BOTNET
./Q2_LMDC_test/34571183,BENIGN
./Q2_LMDC_test/34722902,BOTNET
./Q2_LMDC_test/34742845,BENIGN
./Q2_LMDC_test/34798339,BENIGN
./Q2_LMDC_test/34821016,BOTNET
./Q2_LMDC_test/34831487,BOTNET
./Q2_LMDC_test/34850174,BOTNET
./Q2_LMDC_test/35086764,BENIGN
./Q2_LMDC_test/35189779,BOTNET
./Q2_LMDC_test/35201174,BENIGN
./Q2_LMDC_test/35299599,BENIGN
./Q2_LMDC_test/35372609,BENIGN
./Q2_LMDC_test/35406969,BENIGN
./Q2_LMDC_test/35443912,BOTNET
./Q2_LMDC_test/35504832,BENIGN
./Q2_LMDC_test/35729974,BENIGN
./Q2_LMDC_test/35751129,BOTNET
./Q2_LMDC_test/35798497,BOTNET
./Q2_LMDC_test/35864755,BENIGN
./Q2_LMDC_test/35968094,VIRUS
./Q2_LMDC_test/36122210,BOTNET
./Q2_LMDC_test/36187299,BOTNET
./Q2_LMDC_test/36458978,BOTNET
./Q2_LMDC_test/36465777,BOTNET
./Q2_LMDC_test/36489491,BENIGN
./Q2_LMDC_test/36491005,BENIGN
./Q2_LMDC_test/36506012,BOTNET
./Q2_LMDC_test/36546318,BENIGN
./Q2_LMDC_test/36575085,BOTNET
./Q2_LMDC_test/36672829,BOTNET
./Q2_LMDC_test/36745480,BOTNET
./Q2_LMDC_test/36813722,BOTNET
./Q2_LMDC_test/36924585,BENIGN
./Q2_LMDC_test/36944262,BOTNET
./Q2_LMDC_test/37118140,BENIGN
./Q2_LMDC_test/37231471,BOTNET
./Q2_LMDC_test/37234110,BOTNET
./Q2_LMDC_test/37283127,BENIGN
./Q2_LMDC_test/37577778,BENIGN
./Q2_LMDC_test/37582212,BOTNET
./Q2_LMDC_test/37696557,BENIGN
./Q2_LMDC_test/37699824,BOTNET
./Q2_LMDC_test/37701478,BENIGN
./Q2_LMDC_test/37973828,BOTNET
./Q2_LMDC_test/38224203,BOTNET
./Q2_LMDC_test/38232158,BOTNET
./Q2_LMDC_test/38309676,BENIGN
./Q2_LMDC_test/38342575,BOTNET
./Q2_LMDC_test/38472977,BOTNET
./Q2_LMDC_test/38517079,BENIGN
./Q2_LMDC_test/38789833,BOTNET
./Q2_LMDC_test/38807300,BOTNET
./Q2_LMDC_test/38872226,BOTNET
./Q2_LMDC_test/38924192,BENIGN
./Q2_LMDC_test/38948836,BOTNET
./Q2_LMDC_test/38956006,VIRUS
./Q2_LMDC_test/38969929,BENIGN
./Q2_LMDC_test/39050071,BENIGN
./Q2_LMDC_test/39062549,BOTNET
./Q2_LMDC_test/39078440,BENIGN
./Q2_LMDC_test/39151632,BENIGN
./Q2_LMDC_test/39417576,BOTNET
./Q2_LMDC_test/39502311,BENIGN
./Q2_LMDC_test/39638303,BOTNET
./Q2_LMDC_test/39639227,BOTNET
./Q2_LMDC_test/39674603,BENIGN
./Q2_LMDC_test/39681631,BOTNET
./Q2_LMDC_test/39691961,BOTNET
./Q2_LMDC_test/39927887,VIRUS
./Q2_LMDC_test/40057577,BOTNET
./Q2_LMDC_test/40178434,BOTNET
./Q2_LMDC_test/40333385,TROJAN
./Q2_LMDC_test/40373302,BOTNET
./Q2_LMDC_test/40374997,BOTNET
./Q2_LMDC_test/40521398,BENIGN
./Q2_LMDC_test/40552188,BOTNET
./Q2_LMDC_test/40648468,BOTNET
./Q2_LMDC_test/40742246,BOTNET
./Q2_LMDC_test/40810018,BENIGN
./Q2_LMDC_test/40843188,BOTNET
./Q2_LMDC_test/40968337,BENIGN
./Q2_LMDC_test/41009462,BENIGN
./Q2_LMDC_test/41081040,BOTNET
./Q2_LMDC_test/41264776,BOTNET
./Q2_LMDC_test/41295127,BOTNET
./Q2_LMDC_test/41360790,BENIGN
./Q2_LMDC_test/41710069,BENIGN
./Q2_LMDC_test/41781114,BENIGN
./Q2_LMDC_test/41822848,BENIGN
./Q2_LMDC_test/41824425,BOTNET
./Q2_LMDC_test/41848522,BOTNET
./Q2_LMDC_test/41907762,BOTNET
./Q2_LMDC_test/41935838,BOTNET
./Q2_LMDC_test/42043688,BOTNET
./Q2_LMDC_test/42074572,BOTNET
./Q2_LMDC_test/42101295,DDOS
./Q2_LMDC_test/42252220,BENIGN
./Q2_LMDC_test/42378278,BOTNET
./Q2_LMDC_test/42389631,BOTNET
./Q2_LMDC_test/42445940,BENIGN
./Q2_LMDC_test/42527346,BOTNET
./Q2_LMDC_test/42601062,BENIGN
./Q2_LMDC_test/42938279,BOTNET
./Q2_LMDC_test/43054417,BOTNET
./Q2_LMDC_test/43077911,BENIGN
./Q2_LMDC_test/43162497,BOTNET
./Q2_LMDC_test/43194397,BOTNET
./Q2_LMDC_test/43347650,BOTNET
./Q2_LMDC_test/43444477,BOTNET
./Q2_LMDC_test/43475713,BENIGN
./Q2_LMDC_test/43545104,BENIGN
./Q2_LMDC_test/43676971,BOTNET
./Q2_LMDC_test/43712439,BENIGN
./Q2_LMDC_test/43751469,BOTNET
./Q2_LMDC_test/43769371,BOTNET
./Q2_LMDC_test/43783240,BENIGN
./Q2_LMDC_test/43854680,BENIGN
./Q2_LMDC_test/43912073,BENIGN
./Q2_LMDC_test/44157869,BENIGN
./Q2_LMDC_test/44462177,BENIGN
./Q2_LMDC_test/44480788,BOTNET
./Q2_LMDC_test/44485656,BENIGN
./Q2_LMDC_test/44489472,BENIGN
./Q2_LMDC_test/44497146,BENIGN
./Q2_LMDC_test/44516887,BOTNET
./Q2_LMDC_test/44657937,BOTNET
./Q2_LMDC_test/44663088,BOTNET
./Q2_LMDC_test/44839370,BENIGN
./Q2_LMDC_test/44901616,BOTNET
./Q2_LMDC_test/44976452,BOTNET
./Q2_LMDC_test/45020417,BOTNET
./Q2_LMDC_test/45214111,BENIGN
./Q2_LMDC_test/45271767,BOTNET
./Q2_LMDC_test/45291429,BENIGN
./Q2_LMDC_test/45326290,BOTNET
./Q2_LMDC_test/45336453,BENIGN
./Q2_LMDC_test/45362776,BENIGN
./Q2_LMDC_test/45452999,BOTNET
./Q2_LMDC_test/45563828,BOTNET
./Q2_LMDC_test/45930364,BOTNET
./Q2_LMDC_test/45948886,BENIGN
./Q2_LMDC_test/46317788,BENIGN
./Q2_LMDC_test/46373772,BENIGN
./Q2_LMDC_test/46381127,BENIGN
./Q2_LMDC_test/46472117,BENIGN
./Q2_LMDC_test/46595273,BENIGN
./Q2_LMDC_test/46812206,BENIGN
./Q2_LMDC_test/46875221,BENIGN
./Q2_LMDC_test/46943765,BENIGN
./Q2_LMDC_test/46983632,BOTNET
./Q2_LMDC_test/46995499,BOTNET
./Q2_LMDC_test/47010096,BOTNET
./Q2_LMDC_test/47191079,BOTNET
./Q2_LMDC_test/47435898,BOTNET
./Q2_LMDC_test/47633452,BOTNET
./Q2_LMDC_test/47729436,BENIGN
./Q2_LMDC_test/47830321,BENIGN
./Q2_LMDC_test/47965817,BOTNET
./Q2_LMDC_test/48237409,BOTNET
./Q2_LMDC_test/48250056,VIRUS
./Q2_LMDC_test/48467488,BENIGN
./Q2_LMDC_test/48659280,BOTNET
./Q2_LMDC_test/48958436,BOTNET
./Q2_LMDC_test/49008419,BOTNET
./Q2_LMDC_test/49174870,BENIGN
./Q2_LMDC_test/49187689,BOTNET
./Q2_LMDC_test/49224352,BOTNET
./Q2_LMDC_test/49231971,BENIGN
./Q2_LMDC_test/49254910,BOTNET
./Q2_LMDC_test/49342727,BOTNET
./Q2_LMDC_test/49462725,BOTNET
./Q2_LMDC_test/49575194,BOTNET
./Q2_LMDC_test/49597817,BOTNET
./Q2_LMDC_test/49685975,BOTNET
./Q2_LMDC_test/49708654,BENIGN
./Q2_LMDC_test/49774707,BOTNET
./Q2_LMDC_test/49791535,BOTNET
./Q2_LMDC_test/49911965,BOTNET
./Q2_LMDC_test/50004760,BENIGN
./Q2_LMDC_test/50088086,BENIGN
./Q2_LMDC_test/50099218,BOTNET
./Q2_LMDC_test/50112607,BENIGN
./Q2_LMDC_test/50166831,BENIGN
./Q2_LMDC_test/50304054,BENIGN
./Q2_LMDC_test/50348434,BOTNET
./Q2_LMDC_test/50404635,BENIGN
./Q2_LMDC_test/50440408,BOTNET
./Q2_LMDC_test/50505614,BENIGN
./Q2_LMDC_test/50617741,BENIGN
./Q2_LMDC_test/50639239,BOTNET
./Q2_LMDC_test/50680629,BENIGN
./Q2_LMDC_test/50685971,BENIGN
./Q2_LMDC_test/50709412,BENIGN
./Q2_LMDC_test/51027384,BOTNET
./Q2_LMDC_test/51270075,VIRUS
./Q2_LMDC_test/51467172,BOTNET
./Q2_LMDC_test/51468948,BOTNET
./Q2_LMDC_test/51640613,BOTNET
./Q2_LMDC_test/51669517,BENIGN
./Q2_LMDC_test/51702849,VIRUS
./Q2_LMDC_test/51795000,BOTNET
./Q2_LMDC_test/51841045,Backdoor
./Q2_LMDC_test/51862268,BENIGN
./Q2_LMDC_test/51969199,BOTNET
./Q2_LMDC_test/51986093,BOTNET
./Q2_LMDC_test/52287151,BOTNET
./Q2_LMDC_test/52370072,Backdoor
./Q2_LMDC_test/52441142,BOTNET
./Q2_LMDC_test/52503171,BOTNET
./Q2_LMDC_test/52709417,BOTNET
./Q2_LMDC_test/52772328,BOTNET
./Q2_LMDC_test/52816500,BENIGN
./Q2_LMDC_test/52865006,VIRUS
./Q2_LMDC_test/52899200,BOTNET
./Q2_LMDC_test/53162474,BOTNET
./Q2_LMDC_test/53164792,BOTNET
./Q2_LMDC_test/53340151,BOTNET
./Q2_LMDC_test/53439259,BENIGN
./Q2_LMDC_test/53579770,BOTNET
./Q2_LMDC_test/53606670,BENIGN
./Q2_LMDC_test/53754428,BOTNET
./Q2_LMDC_test/53787519,BOTNET
./Q2_LMDC_test/53960838,BENIGN
./Q2_LMDC_test/54109730,BOTNET
./Q2_LMDC_test/54123644,BENIGN
./Q2_LMDC_test/54203061,BOTNET
./Q2_LMDC_test/54269752,BOTNET
./Q2_LMDC_test/54323259,BOTNET
./Q2_LMDC_test/54380126,BOTNET
./Q2_LMDC_test/54708451,BENIGN
./Q2_LMDC_test/54757156,BENIGN
./Q2_LMDC_test/54812308,BOTNET
./Q2_LMDC_test/54837814,BOTNET
./Q2_LMDC_test/54845694,VIRUS
./Q2_LMDC_test/54983996,BENIGN
./Q2_LMDC_test/55236416,BOTNET
./Q2_LMDC_test/55334220,BENIGN
./Q2_LMDC_test/55359690,BOTNET
./Q2_LMDC_test/55498801,BENIGN
./Q2_LMDC_test/55556510,BOTNET
./Q2_LMDC_test/55598238,BOTNET
./Q2_LMDC_test/55670892,BOTNET
./Q2_LMDC_test/55703699,BENIGN
./Q2_LMDC_test/55746443,BOTNET
./Q2_LMDC_test/55984043,BENIGN
./Q2_LMDC_test/56008069,BENIGN
./Q2_LMDC_test/56073161,BENIGN
./Q2_LMDC_test/56116834,BENIGN
./Q2_LMDC_test/56124968,BOTNET
./Q2_LMDC_test/56188976,BENIGN
./Q2_LMDC_test/56246059,BOTNET
./Q2_LMDC_test/56441141,BOTNET
./Q2_LMDC_test/56512091,BENIGN
./Q2_LMDC_test/56535004,BOTNET
./Q2_LMDC_test/56562726,BENIGN
./Q2_LMDC_test/56887067,BOTNET
./Q2_LMDC_test/56944868,BENIGN
./Q2_LMDC_test/56956873,BENIGN
./Q2_LMDC_test/56957174,BENIGN
./Q2_LMDC_test/57183724,BENIGN
./Q2_LMDC_test/57196636,BENIGN
./Q2_LMDC_test/57572933,BOTNET
./Q2_LMDC_test/57948834,BENIGN
./Q2_LMDC_test/57952677,BOTNET
./Q2_LMDC_test/58116212,BOTNET
./Q2_LMDC_test/58133449,BENIGN
./Q2_LMDC_test/58191698,BOTNET
./Q2_LMDC_test/58193293,BENIGN
./Q2_LMDC_test/58257019,BOTNET
./Q2_LMDC_test/58300154,BOTNET
./Q2_LMDC_test/58367201,BENIGN
./Q2_LMDC_test/58450603,BENIGN
./Q2_LMDC_test/58636116,BOTNET
./Q2_LMDC_test/58641935,BENIGN
./Q2_LMDC_test/58668835,BOTNET
./Q2_LMDC_test/58700483,BOTNET
./Q2_LMDC_test/58731037,BENIGN
./Q2_LMDC_test/58898172,BENIGN
./Q2_LMDC_test/58951678,BENIGN
./Q2_LMDC_test/58987874,BOTNET
./Q2_LMDC_test/59231188,BOTNET
./Q2_LMDC_test/59326010,VIRUS
./Q2_LMDC_test/59402964,BOTNET
./Q2_LMDC_test/59568793,BOTNET
./Q2_LMDC_test/59697692,BENIGN
./Q2_LMDC_test/59813085,BENIGN
./Q2_LMDC_test/59881646,BENIGN
./Q2_LMDC_test/59977094,BOTNET
./Q2_LMDC_test/60126301,BOTNET
./Q2_LMDC_test/60135159,VIRUS
./Q2_LMDC_test/60172173,BENIGN
./Q2_LMDC_test/60183926,BOTNET
./Q2_LMDC_test/60264176,BOTNET
./Q2_LMDC_test/60264990,BENIGN
./Q2_LMDC_test/60333222,BENIGN
./Q2_LMDC_test/60570900,BOTNET
./Q2_LMDC_test/60615082,BENIGN
./Q2_LMDC_test/60710606,BOTNET
./Q2_LMDC_test/60744349,BOTNET
./Q2_LMDC_test/60759986,BOTNET
./Q2_LMDC_test/60894377,BOTNET
./Q2_LMDC_test/60925547,BENIGN
./Q2_LMDC_test/60944506,BOTNET
./Q2_LMDC_test/60955895,BENIGN
./Q2_LMDC_test/60970687,BENIGN
./Q2_LMDC_test/61059440,BOTNET
./Q2_LMDC_test/61066319,BOTNET
./Q2_LMDC_test/61144235,BOTNET
./Q2_LMDC_test/61233250,BOTNET
./Q2_LMDC_test/61280532,BOTNET
./Q2_LMDC_test/61283132,VIRUS
./Q2_LMDC_test/61293892,BENIGN
./Q2_LMDC_test/61516177,BENIGN
./Q2_LMDC_test/61608961,BENIGN
./Q2_LMDC_test/61709333,BOTNET
./Q2_LMDC_test/61743181,VIRUS
./Q2_LMDC_test/61900487,BOTNET
./Q2_LMDC_test/61969197,BOTNET
./Q2_LMDC_test/62036342,BENIGN
./Q2_LMDC_test/62243156,BOTNET
./Q2_LMDC_test/62254730,BENIGN
./Q2_LMDC_test/62551417,BOTNET
./Q2_LMDC_test/62624493,BENIGN
./Q2_LMDC_test/62637855,BOTNET
./Q2_LMDC_test/63304740,BENIGN
./Q2_LMDC_test/63396873,VIRUS
./Q2_LMDC_test/63533481,BOTNET
./Q2_LMDC_test/63599348,BENIGN
./Q2_LMDC_test/63771268,BOTNET
./Q2_LMDC_test/63838913,BOTNET
./Q2_LMDC_test/63849261,BOTNET
./Q2_LMDC_test/63903173,BENIGN
./Q2_LMDC_test/63959320,BENIGN
./Q2_LMDC_test/64315881,BOTNET
./Q2_LMDC_test/64491631,BENIGN
./Q2_LMDC_test/64613714,BOTNET
./Q2_LMDC_test/64623731,BOTNET
./Q2_LMDC_test/64629014,BOTNET
./Q2_LMDC_test/64714939,BOTNET
./Q2_LMDC_test/64845279,BENIGN
./Q2_LMDC_test/64898691,BENIGN
./Q2_LMDC_test/64948236,BOTNET
./Q2_LMDC_test/65022633,BOTNET
./Q2_LMDC_test/65094058,BOTNET
./Q2_LMDC_test/65441510,BOTNET
./Q2_LMDC_test/65514126,BENIGN
./Q2_LMDC_test/65612126,BOTNET
./Q2_LMDC_test/65689074,BOTNET
./Q2_LMDC_test/65725356,BOTNET
./Q2_LMDC_test/65761833,BOTNET
./Q2_LMDC_test/65787988,BOTNET
./Q2_LMDC_test/65902526,BENIGN
./Q2_LMDC_test/65995091,BOTNET
./Q2_LMDC_test/66004589,BOTNET
./Q2_LMDC_test/66036298,BOTNET
./Q2_LMDC_test/66318347,BOTNET
./Q2_LMDC_test/66511700,BENIGN
./Q2_LMDC_test/66528895,BOTNET
./Q2_LMDC_test/66613074,BENIGN
./Q2_LMDC_test/66887190,BENIGN
./Q2_LMDC_test/66962144,BENIGN
./Q2_LMDC_test/67036619,BENIGN
./Q2_LMDC_test/67051438,BENIGN
./Q2_LMDC_test/67051539,BENIGN
./Q2_LMDC_test/67290935,BENIGN
./Q2_LMDC_test/67506999,BOTNET
./Q2_LMDC_test/67761842,BENIGN
./Q2_LMDC_test/67793476,BENIGN
./Q2_LMDC_test/67949656,BOTNET
./Q2_LMDC_test/67977950,BENIGN
./Q2_LMDC_test/68011709,BOTNET
./Q2_LMDC_test/68028572,BENIGN
./Q2_LMDC_test/68031775,BOTNET
./Q2_LMDC_test/68126252,BOTNET
./Q2_LMDC_test/68172348,BOTNET
./Q2_LMDC_test/68342761,BOTNET
./Q2_LMDC_test/68374339,BENIGN
./Q2_LMDC_test/68544491,BENIGN
./Q2_LMDC_test/68603532,BENIGN
./Q2_LMDC_test/68840204,BOTNET
./Q2_LMDC_test/69069406,BOTNET
./Q2_LMDC_test/69090998,BOTNET
./Q2_LMDC_test/69220137,BOTNET
./Q2_LMDC_test/69270209,BOTNET
./Q2_LMDC_test/69369460,BOTNET
./Q2_LMDC_test/69521345,BOTNET
./Q2_LMDC_test/69549737,VIRUS
./Q2_LMDC_test/69579017,BENIGN
./Q2_LMDC_test/69590586,BOTNET
./Q2_LMDC_test/69619207,VIRUS
./Q2_LMDC_test/69630829,BOTNET
./Q2_LMDC_test/69651118,BENIGN
./Q2_LMDC_test/69676712,BENIGN
./Q2_LMDC_test/69740579,BOTNET
./Q2_LMDC_test/69824265,BOTNET
./Q2_LMDC_test/69853106,BOTNET
./Q2_LMDC_test/69867388,BENIGN
./Q2_LMDC_test/70001146,BENIGN
./Q2_LMDC_test/70090327,BENIGN
./Q2_LMDC_test/70111692,BENIGN
./Q2_LMDC_test/70190288,BOTNET
./Q2_LMDC_test/70193556,BOTNET
./Q2_LMDC_test/70271184,BOTNET
./Q2_LMDC_test/70289670,BENIGN
./Q2_LMDC_test/70322980,BENIGN
./Q2_LMDC_test/70331154,BOTNET
./Q2_LMDC_test/70399553,BENIGN
./Q2_LMDC_test/70454347,BOTNET
./Q2_LMDC_test/70551242,BENIGN
./Q2_LMDC_test/70588398,BOTNET
./Q2_LMDC_test/70720023,BOTNET
./Q2_LMDC_test/70802487,BENIGN
./Q2_LMDC_test/70812736,VIRUS
./Q2_LMDC_test/70896043,BOTNET
./Q2_LMDC_test/71015660,BOTNET
./Q2_LMDC_test/71081258,BOTNET
./Q2_LMDC_test/71213598,BENIGN
./Q2_LMDC_test/71238977,BENIGN
./Q2_LMDC_test/71254239,BOTNET
./Q2_LMDC_test/71344764,BENIGN
./Q2_LMDC_test/71824516,BOTNET
./Q2_LMDC_test/71873665,BENIGN
./Q2_LMDC_test/71972628,BOTNET
./Q2_LMDC_test/71993249,BOTNET
./Q2_LMDC_test/72017437,BOTNET
./Q2_LMDC_test/72288773,BOTNET
./Q2_LMDC_test/72345392,BOTNET
./Q2_LMDC_test/72370055,BENIGN
./Q2_LMDC_test/72410159,BENIGN
./Q2_LMDC_test/72417471,BENIGN
./Q2_LMDC_test/72453991,BOTNET
./Q2_LMDC_test/72539052,BENIGN
./Q2_LMDC_test/72595977,BOTNET
./Q2_LMDC_test/72628193,BOTNET
./Q2_LMDC_test/72641481,BENIGN
./Q2_LMDC_test/72742315,BENIGN
./Q2_LMDC_test/72850016,BOTNET
./Q2_LMDC_test/72875546,BENIGN
./Q2_LMDC_test/72904610,BENIGN
./Q2_LMDC_test/72927986,VIRUS
./Q2_LMDC_test/73024463,BOTNET
./Q2_LMDC_test/73057093,DDOS
./Q2_LMDC_test/73059963,BOTNET
./Q2_LMDC_test/73224617,BOTNET
./Q2_LMDC_test/73249084,BOTNET
./Q2_LMDC_test/73283705,BENIGN
./Q2_LMDC_test/73291803,BENIGN
./Q2_LMDC_test/73376914,BENIGN
./Q2_LMDC_test/73430054,BOTNET
./Q2_LMDC_test/73448238,BENIGN
./Q2_LMDC_test/73657217,BOTNET
./Q2_LMDC_test/73713559,BOTNET
./Q2_LMDC_test/73728020,BENIGN
./Q2_LMDC_test/73753078,BENIGN
./Q2_LMDC_test/73875121,BENIGN
./Q2_LMDC_test/73928844,BENIGN
./Q2_LMDC_test/74185170,BOTNET
./Q2_LMDC_test/74323780,BOTNET
./Q2_LMDC_test/74366692,BOTNET
./Q2_LMDC_test/74366997,VIRUS
./Q2_LMDC_test/74512510,BOTNET
./Q2_LMDC_test/74586513,BENIGN
./Q2_LMDC_test/74607558,BOTNET
./Q2_LMDC_test/74620342,BOTNET
./Q2_LMDC_test/74626074,BOTNET
./Q2_LMDC_test/74804647,BOTNET
./Q2_LMDC_test/74863415,BENIGN
./Q2_LMDC_test/74933605,BOTNET
./Q2_LMDC_test/74945417,BENIGN
./Q2_LMDC_test/74999656,BOTNET
./Q2_LMDC_test/75108700,BENIGN
./Q2_LMDC_test/75170781,BENIGN
./Q2_LMDC_test/75274320,BENIGN
./Q2_LMDC_test/75362931,BOTNET
./Q2_LMDC_test/75460129,BOTNET
./Q2_LMDC_test/75546456,BOTNET
./Q2_LMDC_test/75653893,BOTNET
./Q2_LMDC_test/75727981,BOTNET
./Q2_LMDC_test/75785985,BOTNET
./Q2_LMDC_test/75813182,BOTNET
./Q2_LMDC_test/75840498,BENIGN
./Q2_LMDC_test/75874029,BOTNET
./Q2_LMDC_test/75881418,BENIGN
./Q2_LMDC_test/75908785,BENIGN
./Q2_LMDC_test/75935145,BENIGN
./Q2_LMDC_test/75997676,BOTNET
./Q2_LMDC_test/76041033,BOTNET
./Q2_LMDC_test/76050951,BOTNET
./Q2_LMDC_test/76083561,BOTNET
./Q2_LMDC_test/76122387,BOTNET
./Q2_LMDC_test/76145082,BOTNET
./Q2_LMDC_test/76214610,BOTNET
./Q2_LMDC_test/76291618,BOTNET
./Q2_LMDC_test/76371829,BENIGN
./Q2_LMDC_test/76468774,BOTNET
./Q2_LMDC_test/76585671,BENIGN
./Q2_LMDC_test/76606419,BOTNET
./Q2_LMDC_test/76617538,BENIGN
./Q2_LMDC_test/76813812,BOTNET
./Q2_LMDC_test/76840040,BENIGN
./Q2_LMDC_test/76847860,BOTNET
./Q2_LMDC_test/77397090,BENIGN
./Q2_LMDC_test/77434303,BENIGN
./Q2_LMDC_test/77564613,BENIGN
./Q2_LMDC_test/77754701,BOTNET
./Q2_LMDC_test/77810423,VIRUS
./Q2_LMDC_test/77812217,BOTNET
./Q2_LMDC_test/77893756,BOTNET
./Q2_LMDC_test/77964757,BOTNET
./Q2_LMDC_test/78034649,BOTNET
./Q2_LMDC_test/78060299,BENIGN
./Q2_LMDC_test/78151250,BOTNET
./Q2_LMDC_test/78178057,BOTNET
./Q2_LMDC_test/78209799,BOTNET
./Q2_LMDC_test/78308267,BOTNET
./Q2_LMDC_test/78458582,BENIGN
./Q2_LMDC_test/78463234,BENIGN
./Q2_LMDC_test/78691029,BOTNET
./Q2_LMDC_test/78879195,BOTNET
./Q2_LMDC_test/78880366,BOTNET
./Q2_LMDC_test/78881873,BOTNET
./Q2_LMDC_test/78892166,BENIGN
./Q2_LMDC_test/78908374,BOTNET
./Q2_LMDC_test/79039856,BENIGN
./Q2_LMDC_test/79044428,BOTNET
./Q2_LMDC_test/79072124,BOTNET
./Q2_LMDC_test/79139690,BOTNET
./Q2_LMDC_test/79229077,BOTNET
./Q2_LMDC_test/79240127,BOTNET
./Q2_LMDC_test/79283965,BENIGN
./Q2_LMDC_test/79331248,BENIGN
./Q2_LMDC_test/79417226,BOTNET
./Q2_LMDC_test/79417515,BOTNET
./Q2_LMDC_test/79444885,BOTNET
./Q2_LMDC_test/79475410,BOTNET
./Q2_LMDC_test/79477788,BOTNET
./Q2_LMDC_test/79512873,BENIGN
./Q2_LMDC_test/79547579,BENIGN
./Q2_LMDC_test/79597585,BOTNET
./Q2_LMDC_test/79645413,BOTNET
./Q2_LMDC_test/79678019,BENIGN
./Q2_LMDC_test/79697053,BENIGN
./Q2_LMDC_test/79785374,BOTNET
./Q2_LMDC_test/80094846,BENIGN
./Q2_LMDC_test/80110816,VIRUS
./Q2_LMDC_test/80296268,BENIGN
./Q2_LMDC_test/80363721,BENIGN
./Q2_LMDC_test/80556287,BENIGN
./Q2_LMDC_test/80651980,BOTNET
./Q2_LMDC_test/80770493,BENIGN
./Q2_LMDC_test/80823858,BENIGN
./Q2_LMDC_test/80886015,BOTNET
./Q2_LMDC_test/80913641,BENIGN
./Q2_LMDC_test/81105688,BOTNET
./Q2_LMDC_test/81143082,BENIGN
./Q2_LMDC_test/81185379,BOTNET
./Q2_LMDC_test/81319067,BOTNET
./Q2_LMDC_test/81352126,BOTNET
./Q2_LMDC_test/81436099,BOTNET
./Q2_LMDC_test/81488622,BOTNET
./Q2_LMDC_test/81665976,BENIGN
./Q2_LMDC_test/81672114,BOTNET
./Q2_LMDC_test/81743700,BOTNET
./Q2_LMDC_test/81754569,BENIGN
./Q2_LMDC_test/81803091,BENIGN
./Q2_LMDC_test/81857550,BENIGN
./Q2_LMDC_test/81863633,BOTNET
./Q2_LMDC_test/81900313,BOTNET
./Q2_LMDC_test/82078469,BENIGN
./Q2_LMDC_test/82139679,BENIGN
./Q2_LMDC_test/82370798,BENIGN
./Q2_LMDC_test/82414825,BOTNET
./Q2_LMDC_test/82445151,BOTNET
./Q2_LMDC_test/82744344,BOTNET
./Q2_LMDC_test/82786184,BENIGN
./Q2_LMDC_test/82808212,BOTNET
./Q2_LMDC_test/82868708,BOTNET
./Q2_LMDC_test/82876928,BOTNET
./Q2_LMDC_test/82907961,BOTNET
./Q2_LMDC_test/82944652,BENIGN
./Q2_LMDC_test/82945520,TROJAN
./Q2_LMDC_test/83040017,BOTNET
./Q2_LMDC_test/83041864,BENIGN
./Q2_LMDC_test/83252122,VIRUS
./Q2_LMDC_test/83315655,BOTNET
./Q2_LMDC_test/83446488,BOTNET
./Q2_LMDC_test/83539848,VIRUS
./Q2_LMDC_test/83557756,BOTNET
./Q2_LMDC_test/83624655,BOTNET
./Q2_LMDC_test/83679433,BENIGN
./Q2_LMDC_test/83793231,BOTNET
./Q2_LMDC_test/84005272,BENIGN
./Q2_LMDC_test/84050170,BOTNET
./Q2_LMDC_test/84251325,BOTNET
./Q2_LMDC_test/84294598,BOTNET
./Q2_LMDC_test/84324417,BOTNET
./Q2_LMDC_test/84416002,BENIGN
./Q2_LMDC_test/84485923,VIRUS
./Q2_LMDC_test/84486476,BENIGN
./Q2_LMDC_test/84567455,BOTNET
./Q2_LMDC_test/84590306,BENIGN
./Q2_LMDC_test/84744236,BENIGN
./Q2_LMDC_test/84775960,BOTNET
./Q2_LMDC_test/84794767,BOTNET
./Q2_LMDC_test/84834275,BOTNET
./Q2_LMDC_test/84855752,BOTNET
./Q2_LMDC_test/84910879,VIRUS
./Q2_LMDC_test/84914830,BENIGN
./Q2_LMDC_test/85171670,BENIGN
./Q2_LMDC_test/85322049,BOTNET
./Q2_LMDC_test/85370346,BENIGN
./Q2_LMDC_test/85491859,BOTNET
./Q2_LMDC_test/85513014,BOTNET
./Q2_LMDC_test/85623901,BENIGN
./Q2_LMDC_test/85728036,BENIGN
./Q2_LMDC_test/85732504,BENIGN
./Q2_LMDC_test/85741793,BOTNET
./Q2_LMDC_test/85761356,BOTNET
./Q2_LMDC_test/85846876,BENIGN
./Q2_LMDC_test/85957463,BOTNET
./Q2_LMDC_test/86442564,BENIGN
./Q2_LMDC_test/86471870,BENIGN
./Q2_LMDC_test/86493042,VIRUS
./Q2_LMDC_test/86520417,BENIGN
./Q2_LMDC_test/86629161,BOTNET
./Q2_LMDC_test/86743685,BOTNET
./Q2_LMDC_test/86821808,BENIGN
./Q2_LMDC_test/87045763,BOTNET
./Q2_LMDC_test/87060619,BENIGN
./Q2_LMDC_test/87084218,BOTNET
./Q2_LMDC_test/87322597,BOTNET
./Q2_LMDC_test/87338945,BENIGN
./Q2_LMDC_test/87349104,BENIGN
./Q2_LMDC_test/87364983,BOTNET
./Q2_LMDC_test/87472578,BOTNET
./Q2_LMDC_test/87525360,BENIGN
./Q2_LMDC_test/87630235,BOTNET
./Q2_LMDC_test/87727061,BENIGN
./Q2_LMDC_test/87840769,BOTNET
./Q2_LMDC_test/87877887,BOTNET
./Q2_LMDC_test/87923470,BOTNET
./Q2_LMDC_test/88242800,VIRUS
./Q2_LMDC_test/88313731,BENIGN
./Q2_LMDC_test/88380698,BENIGN
./Q2_LMDC_test/88465179,BOTNET
./Q2_LMDC_test/88528838,BENIGN
./Q2_LMDC_test/88590462,BOTNET
./Q2_LMDC_test/88842042,BENIGN
./Q2_LMDC_test/88968216,BOTNET
./Q2_LMDC_test/89184898,BOTNET
./Q2_LMDC_test/89239613,VIRUS
./Q2_LMDC_test/89260373,BENIGN
./Q2_LMDC_test/89336355,BENIGN
./Q2_LMDC_test/89424169,BOTNET
./Q2_LMDC_test/89439857,BOTNET
./Q2_LMDC_test/89535851,BENIGN
./Q2_LMDC_test/89755230,BOTNET
./Q2_LMDC_test/89789059,BOTNET
./Q2_LMDC_test/90041098,BENIGN
./Q2_LMDC_test/90059459,BOTNET
./Q2_LMDC_test/90563670,BOTNET
./Q2_LMDC_test/90607545,BENIGN
./Q2_LMDC_test/90646952,BOTNET
./Q2_LMDC_test/90833391,BENIGN
./Q2_LMDC_test/90958264,BOTNET
./Q2_LMDC_test/90959478,BOTNET
./Q2_LMDC_test/91000684,BOTNET
./Q2_LMDC_test/91295222,BOTNET
./Q2_LMDC_test/91458586,BOTNET
./Q2_LMDC_test/91504410,BENIGN
./Q2_LMDC_test/91516814,BOTNET
./Q2_LMDC_test/91583816,BOTNET
./Q2_LMDC_test/91678753,BOTNET
./Q2_LMDC_test/91687693,BOTNET
./Q2_LMDC_test/91722642,BOTNET
./Q2_LMDC_test/91754772,BENIGN
./Q2_LMDC_test/91790386,BENIGN
./Q2_LMDC_test/91850915,BOTNET
./Q2_LMDC_test/91896686,BENIGN
./Q2_LMDC_test/91899600,BOTNET
./Q2_LMDC_test/91990149,BENIGN
./Q2_LMDC_test/92114005,BOTNET
./Q2_LMDC_test/92222339,BOTNET
./Q2_LMDC_test/92356723,BENIGN
./Q2_LMDC_test/92489592,BENIGN
./Q2_LMDC_test/92492922,BOTNET
./Q2_LMDC_test/92628671,BOTNET
./Q2_LMDC_test/92633232,BENIGN
./Q2_LMDC_test/92660110,BOTNET
./Q2_LMDC_test/92863207,BOTNET
./Q2_LMDC_test/92876650,BENIGN
./Q2_LMDC_test/92914519,BENIGN
./Q2_LMDC_test/92938864,BOTNET
./Q2_LMDC_test/93047738,BOTNET
./Q2_LMDC_test/93098039,BOTNET
./Q2_LMDC_test/93238390,BOTNET
./Q2_LMDC_test/93287000,BOTNET
./Q2_LMDC_test/93311502,BOTNET
./Q2_LMDC_test/93409730,BOTNET
./Q2_LMDC_test/93415840,BOTNET
./Q2_LMDC_test/93535379,BOTNET
./Q2_LMDC_test/93630641,BOTNET
./Q2_LMDC_test/93697488,BOTNET
./Q2_LMDC_test/93902236,VIRUS
./Q2_LMDC_test/93982672,BOTNET
./Q2_LMDC_test/94033520,BOTNET
./Q2_LMDC_test/94095995,BOTNET
./Q2_LMDC_test/94103072,BOTNET
./Q2_LMDC_test/94114949,BENIGN
./Q2_LMDC_test/94259999,BOTNET
./Q2_LMDC_test/94375079,BOTNET
./Q2_LMDC_test/94409930,VIRUS
./Q2_LMDC_test/94419870,BENIGN
./Q2_LMDC_test/94462073,BOTNET
./Q2_LMDC_test/94464192,BENIGN
./Q2_LMDC_test/94471371,BOTNET
./Q2_LMDC_test/94535081,BOTNET
./Q2_LMDC_test/94577767,BOTNET
./Q2_LMDC_test/94809405,BENIGN
./Q2_LMDC_test/94957792,BOTNET
./Q2_LMDC_test/94991967,BOTNET
./Q2_LMDC_test/95123323,BOTNET
./Q2_LMDC_test/95151107,BOTNET
./Q2_LMDC_test/95156728,BENIGN
./Q2_LMDC_test/95177453,BENIGN
./Q2_LMDC_test/95189574,BENIGN
./Q2_LMDC_test/10114251,BENIGN
./Q2_LMDC_test/10354355,BENIGN
./Q2_LMDC_test/10114251,BENIGN
./Q2_LMDC_test/10354355,BENIGN
./Q2_LMDC_test/10597773,BENIGN
./Q2_LMDC_test/10734265,VIRUS
./Q2_LMDC_test/10909706,BENIGN
./Q2_LMDC_test/11095504,BENIGN
./Q2_LMDC_test/11309671,BENIGN
./Q2_LMDC_test/12075053,BENIGN
./Q2_LMDC_test/12274586,BENIGN
./Q2_LMDC_test/12349733,BENIGN
./Q2_LMDC_test/12436061,BENIGN
./Q2_LMDC_test/13235400,BENIGN
./Q2_LMDC_test/13278699,BENIGN
./Q2_LMDC_test/13599538,BENIGN
./Q2_LMDC_test/13796272,BENIGN
./Q2_LMDC_test/13869321,BENIGN
./Q2_LMDC_test/13938834,VIRUS
./Q2_LMDC_test/13968740,BENIGN
./Q2_LMDC_test/14220676,VIRUS
./Q2_LMDC_test/14286472,BENIGN
./Q2_LMDC_test/14369290,BENIGN
./Q2_LMDC_test/14512542,BOTNET
./Q2_LMDC_test/14596922,BENIGN
./Q2_LMDC_test/14608640,BOTNET
./Q2_LMDC_test/14652757,BENIGN
./Q2_LMDC_test/15043283,BENIGN
./Q2_LMDC_test/15055624,BENIGN
./Q2_LMDC_test/15290913,BENIGN
./Q2_LMDC_test/15548708,BENIGN
./Q2_LMDC_test/15741848,BENIGN
./Q2_LMDC_test/16038995,BENIGN
./Q2_LMDC_test/16337191,BENIGN
./Q2_LMDC_test/16370044,BOTNET
